Filename,Author,Touches,Date
rootbeerlib/src/main/java/com/scottyab/rootbeer/RootBeerNative.java,10,Matthew Rollings,2021-05-24T07:35:11Z
app/src/main/java/com/scottyab/rootbeer/sample/CheckRootTask.java,11,Matthew Rollings,2021-05-24T07:35:11Z
app/src/main/java/com/scottyab/rootbeer/sample/MainActivity.java,14,Matthew Rollings,2021-05-24T07:35:11Z
app/src/main/java/com/scottyab/rootbeer/sample/TextViewFont.java,7,Matthew Rollings,2021-05-24T07:35:11Z
rootbeerlib/src/main/java/com/scottyab/rootbeer/Const.java,24,Matthew Rollings,2021-05-24T07:35:11Z
rootbeerlib/src/main/java/com/scottyab/rootbeer/util/Utils.java,5,Matthew Rollings,2021-05-24T07:35:11Z
rootbeerlib/src/test/java/com/scottyab/rootbeer/RootBeerTest.java,13,Matthew Rollings,2021-05-24T07:35:11Z
rootbeerlib/src/main/java/com/scottyab/rootbeer/RootBeer.java,53,Matthew Rollings,2021-05-24T07:35:11Z
rootbeerlib/src/main/java/com/scottyab/rootbeer/util/QLog.java,12,Matthew Rollings,2021-05-24T07:35:11Z
app/src/androidTest/java/com/scottyab/rootbeer/ApplicationTest.java,6,Matthew Rollings,2021-05-24T07:35:11Z
rootbeerlib/src/androidTest/java/com/scottyab/rootbeer/ApplicationTest.java,6,Matthew Rollings,2021-05-24T07:35:11Z
app/src/main/java/com/scottyab/rootchecker/RootCheck.java,6,Matthew Rollings,2021-05-24T07:35:11Z
app/src/main/java/com/scottyab/rootchecker/Const.java,1,Matthew Rollings,2021-05-24T07:35:11Z
app/src/main/java/com/scottyab/rootchecker/MainActivity.java,4,Matthew Rollings,2021-05-24T07:35:11Z
app/src/main/java/com/scottyab/rootchecker/RootCheckNative.java,3,Matthew Rollings,2021-05-24T07:35:11Z
app/src/androidTest/java/com/scottyab/rootchecker/ApplicationTest.java,1,Matthew Rollings,2021-05-24T07:35:11Z
app/src/main/java/com/scottyab/rootchecker/util/QLog.java,1,Matthew Rollings,2021-05-24T07:35:11Z
